{
    "hamming_loss": 0.11757486499754541,
    "exact_match_ratio": 0.13402061855670103,
    "macro_precision": 0.5594642669360714,
    "macro_recall": 0.2210761501936546,
    "macro_f1": 0.2984486210940197,
    "micro_precision": 0.6313131313131313,
    "micro_recall": 0.23540489642184556,
    "micro_f1": 0.3429355281207133
}